Date,Symbol,Open,High,Low,Close,Volume From,Volume To,Volume
27-05-16,ETHUSD,11.98,11.98,10.25,11.25,13749.03,151147.98,137398.95
28-05-16,ETHUSD,11.25,12.44,10.7,11.93,15810.34,180822.02,165011.68
29-05-16,ETHUSD,11.93,12.49,11.65,12.34,3481.3,42228.37,38747.07
30-05-16,ETHUSD,12.34,12.88,12,12.41,4110.59,51655.95,47545.36
31-05-16,ETHUSD,12.41,14.24,12.37,14,5654.91,76994.75,71339.84
01-06-16,ETHUSD,14,14.45,13.5,13.93,10369.02,145746.12,135377.1
02-06-16,ETHUSD,13.93,14.18,13.76,14.02,8048.39,112783.07,104734.68
03-06-16,ETHUSD,14.02,14.12,13.49,13.88,12207.16,168475.99,156268.83
04-06-16,ETHUSD,13.88,14.03,13.56,13.81,6130.33,84986.59,78856.26
05-06-16,ETHUSD,13.81,14.06,13.8,14.04,2107.55,29378.03,27270.48
06-06-16,ETHUSD,14.04,14.3,13.83,14.22,5069.23,71184.96,66115.73
07-06-16,ETHUSD,14.22,14.69,13.97,14.65,12603.05,179454.21,166851.16
08-06-16,ETHUSD,14.65,14.87,14.4,14.61,12109.89,177565.8,165455.91
09-06-16,ETHUSD,14.61,14.85,14.55,14.71,8848.44,129706.89,120858.45
10-06-16,ETHUSD,14.71,14.74,13.76,14.11,16995.71,242199.34,225203.63
11-06-16,ETHUSD,14.11,14.29,13.86,14.1,7305.84,102532.3,95226.46
12-06-16,ETHUSD,14.1,15.9,13.92,15.9,20750.08,309647.42,288897.34
13-06-16,ETHUSD,15.9,17.93,15.49,17.9,24221.67,411340.35,387118.68
14-06-16,ETHUSD,17.9,19.08,16.96,18.7,34698.03,625567.59,590869.56
15-06-16,ETHUSD,18.7,18.81,17.89,18.58,13471.3,249416.27,235944.97
16-06-16,ETHUSD,18.58,21.35,18.42,21.09,32005.03,635952.27,603947.24
17-06-16,ETHUSD,21.09,22,13.75,15.75,122187.18,2046737.16,1924549.98
18-06-16,ETHUSD,15.75,15.75,10,11.55,79296.12,977144.59,897848.47
19-06-16,ETHUSD,11.55,13.4,10.72,12.36,30892.52,370778.28,339885.76
20-06-16,ETHUSD,12.36,12.74,10.8,11.8,32647.05,383026.97,350379.92
21-06-16,ETHUSD,11.8,12.8,11.2,12.8,31632.08,383368.4,351736.32
22-06-16,ETHUSD,12.8,15.89,12.76,13.35,65589.9,937751.6,872161.7
23-06-16,ETHUSD,13.35,14.5,12.68,13.87,35402.07,472302.04,436899.97
24-06-16,ETHUSD,13.87,14.8,13.25,14.52,33067.56,465788.3,432720.74
25-06-16,ETHUSD,14.52,14.74,14,14.39,10391.12,150523.13,140132.01
26-06-16,ETHUSD,14.39,14.49,13.75,14.04,5726.83,80358.56,74631.73
27-06-16,ETHUSD,14.04,14.59,13.6,14.07,11846.86,167372.59,155525.73
28-06-16,ETHUSD,14.07,14.25,11.52,12.17,42160.13,536610.13,494450
29-06-16,ETHUSD,12.17,13.13,11.62,12.81,23679.15,291315.39,267636.24
30-06-16,ETHUSD,12.81,13.06,12.19,12.49,14560.12,182893.14,168333.02
01-07-16,ETHUSD,12.49,12.54,11.8,12.3,19132.21,233295.09,214162.88
02-07-16,ETHUSD,12.3,12.45,12,12.16,11562.02,140575.03,129013.01
03-07-16,ETHUSD,12.16,12.16,11.65,11.99,12186.5,144805.86,132619.36
04-07-16,ETHUSD,11.99,12.02,11.41,11.43,5278.27,61069.63,55791.36
05-07-16,ETHUSD,11.43,11.48,9.31,10.5,34353.15,348385.71,314032.56
06-07-16,ETHUSD,10.5,11,10.24,10.59,14605.23,154142.82,139537.59
07-07-16,ETHUSD,10.59,10.7,9.75,10.08,20921.16,210156.3,189235.14
08-07-16,ETHUSD,10.08,11.8,10.05,11.22,27964.91,305714.65,277749.74
09-07-16,ETHUSD,11.22,11.57,10.68,11,9092.21,100852.1,91759.89
10-07-16,ETHUSD,11,11.3,10.9,11.02,9647.39,106589.02,96941.63
11-07-16,ETHUSD,11.02,11.16,10.11,10.68,10893.75,116212.43,105318.68
12-07-16,ETHUSD,10.68,10.98,10.5,10.52,13903.14,148530.79,134627.65
13-07-16,ETHUSD,10.52,10.65,10.49,10.5,5540.36,58480.48,52940.12
14-07-16,ETHUSD,10.5,11.78,10.33,11.68,24023.93,268878.96,244855.03
15-07-16,ETHUSD,11.68,12.75,11.36,12,24795.42,301973.25,277177.83
16-07-16,ETHUSD,12,12.4,11.8,11.91,7523.89,90180.86,82656.97
17-07-16,ETHUSD,11.91,11.92,11.02,11.31,11449.78,130318.26,118868.48
18-07-16,ETHUSD,11.31,11.93,11,11.15,15178.86,172749.32,157570.46
19-07-16,ETHUSD,11.15,11.98,11.03,11.69,7874.88,90324.43,82449.55
20-07-16,ETHUSD,11.69,13,11.22,12.58,38321.88,472248.84,433926.96
21-07-16,ETHUSD,12.58,13.09,12.1,12.84,71786.16,917191.68,845405.52
22-07-16,ETHUSD,12.84,15,12.73,14.99,191777.76,2678035.96,2486258.2
23-07-16,ETHUSD,14.99,15.39,14,14.5,122836.41,1803112.53,1680276.12
24-07-16,ETHUSD,14.5,14.6,12.05,12.66,139529.33,1836976.95,1697447.62
25-07-16,ETHUSD,12.66,14,12.56,14,92702.64,1241681.71,1148979.07
26-07-16,ETHUSD,14,14.01,11.92,12.1,161498.61,2048560.56,1887061.95
27-07-16,ETHUSD,12.1,13.4,11.75,13.14,115692.4,1453310.66,1337618.26
28-07-16,ETHUSD,13.14,13.14,12.53,12.95,66922.79,858173.96,791251.17
29-07-16,ETHUSD,12.95,12.98,12.57,12.9,53815.38,686795.14,632979.76
30-07-16,ETHUSD,12.9,12.9,12.55,12.6,37767.95,481455.69,443687.74
31-07-16,ETHUSD,12.6,12.67,11.61,11.89,56314.3,683933.51,627619.21
01-08-16,ETHUSD,11.89,12.12,11,11.02,88422.24,1015397.95,926975.71
02-08-16,ETHUSD,11.02,11.31,6.68,8.46,193498.37,1877009.59,1683511.22
03-08-16,ETHUSD,8.46,10.78,8.09,10.7,216803.56,2138637.67,1921834.11
04-08-16,ETHUSD,10.7,11.55,10.42,11.31,101792.83,1125384.75,1023591.92
05-08-16,ETHUSD,11.31,11.4,10.81,11.18,46720.03,521997.09,475277.06
06-08-16,ETHUSD,11.18,11.24,10.42,10.99,34629.61,377156.03,342526.42
07-08-16,ETHUSD,10.99,11.25,10.84,11.05,30423.9,335545.92,305122.02
08-08-16,ETHUSD,11.05,11.42,10.94,11.34,30466.37,338209.87,307743.5
09-08-16,ETHUSD,11.34,12.48,11.24,12.31,83827,998938.88,915111.88
10-08-16,ETHUSD,12.31,12.91,11.87,12.25,146769.49,1805041.92,1658272.43
11-08-16,ETHUSD,12.25,12.39,11.6,11.73,55585.22,662172.86,606587.64
12-08-16,ETHUSD,11.73,12.08,11.65,11.82,29525.34,350447.66,320922.32
13-08-16,ETHUSD,11.82,11.86,11.54,11.59,28160.61,330244.84,302084.23
14-08-16,ETHUSD,11.59,11.76,11.2,11.29,25914.82,296885.34,270970.52
15-08-16,ETHUSD,11.29,11.52,11.02,11.22,32328.91,361830.4,329501.49
16-08-16,ETHUSD,11.22,11.49,11,11.18,51581.45,573793.01,522211.56
17-08-16,ETHUSD,11.18,11.26,10.69,10.79,39790.65,435573.53,395782.88
18-08-16,ETHUSD,10.79,11.06,10.76,10.77,35887.01,391209.57,355322.56
19-08-16,ETHUSD,10.77,10.86,10.65,10.73,28732.12,309823.9,281091.78
20-08-16,ETHUSD,10.73,11.37,10.7,11.31,35260.07,392463.4,357203.33
21-08-16,ETHUSD,11.31,11.32,10.98,11.17,17897.44,199217.45,181320.01
22-08-16,ETHUSD,11.17,11.34,11.04,11.08,36062.83,404540.54,368477.71
23-08-16,ETHUSD,11.08,11.2,10.85,10.98,32619.53,359402.76,326783.23
24-08-16,ETHUSD,10.98,11.16,10.98,11,24080.06,266356.65,242276.59
25-08-16,ETHUSD,11,11.34,10.99,11.34,28341.96,317571.2,289229.24
26-08-16,ETHUSD,11.34,11.47,11.2,11.29,27567.11,311916.84,284349.73
27-08-16,ETHUSD,11.29,11.3,11.17,11.21,19407.52,217997.6,198590.08
28-08-16,ETHUSD,11.21,11.22,10.98,10.98,17866.23,197944.62,180078.39
29-08-16,ETHUSD,10.98,11.16,10.8,10.95,33061.33,361476.29,328414.96
30-08-16,ETHUSD,10.95,11.25,10.95,11.2,25615.97,285024.88,259408.91
31-08-16,ETHUSD,11.2,11.53,11.09,11.52,36187.64,411082.87,374895.23
01-09-16,ETHUSD,11.52,12.5,11.52,12.24,84876.65,1026327.84,941451.19
02-09-16,ETHUSD,12.24,12.35,11.95,12.11,43871.51,532302.29,488430.78
03-09-16,ETHUSD,12.11,12.47,11.6,11.83,37128.37,443042.48,405914.11
04-09-16,ETHUSD,11.83,11.9,11.54,11.76,19353.76,227150.01,207796.25
05-09-16,ETHUSD,11.76,11.84,11.62,11.77,14026.67,164614.3,150587.63
06-09-16,ETHUSD,11.77,11.77,11.5,11.73,26580.55,309379.3,282798.75
07-09-16,ETHUSD,11.73,11.9,11.53,11.6,33740.93,393487.14,359746.21
08-09-16,ETHUSD,11.6,11.7,11.31,11.42,31887.78,365353.9,333466.12
09-09-16,ETHUSD,11.42,11.69,11.34,11.61,21410.51,247578.18,226167.67
10-09-16,ETHUSD,11.61,12.07,11.55,12.07,18320.13,214832.59,196512.46
11-09-16,ETHUSD,12.07,12.21,11.6,11.64,27312.35,325151.28,297838.93
12-09-16,ETHUSD,11.64,11.95,11.64,11.87,20651.61,243496.83,222845.22
13-09-16,ETHUSD,11.87,12.08,11.84,11.92,29060.43,348402.1,319341.67
14-09-16,ETHUSD,11.92,12.03,11.8,11.93,24430.16,291608.15,267177.99
15-09-16,ETHUSD,11.93,12.1,11.9,11.96,22297.35,267644.26,245346.91
16-09-16,ETHUSD,11.96,12.76,11.86,12.6,56556.87,696618.19,640061.32
17-09-16,ETHUSD,12.6,12.99,12.41,12.88,32860.58,417390.13,384529.55
18-09-16,ETHUSD,12.88,12.98,12.33,12.58,54712.42,695585.11,640872.69
19-09-16,ETHUSD,12.58,13.2,12.57,12.92,34556.46,446774.78,412218.32
20-09-16,ETHUSD,12.92,15.13,12.92,15.09,101670.03,1405428.92,1303758.89
21-09-16,ETHUSD,15.09,15.25,13.16,13.71,90366.73,1277839.59,1187472.86
22-09-16,ETHUSD,13.71,13.89,12.33,13.1,70006.03,913658.53,843652.5
23-09-16,ETHUSD,13.1,13.45,13.1,13.36,25589.46,341499.52,315910.06
24-09-16,ETHUSD,13.36,13.41,12.62,12.94,36956.47,479447.22,442490.75
25-09-16,ETHUSD,12.94,13.18,12.8,13.07,19337.69,251495.17,232157.48
26-09-16,ETHUSD,13.07,13.15,12.83,12.88,23475.27,304283.73,280808.46
27-09-16,ETHUSD,12.88,13.25,12.83,13.11,27757.2,362974.48,335217.28
28-09-16,ETHUSD,13.11,13.58,13.09,13.31,43345.64,578657.94,535312.3
29-09-16,ETHUSD,13.31,13.39,13.1,13.18,34644.4,457136.92,422492.52
30-09-16,ETHUSD,13.18,13.39,13.08,13.24,34957.43,463147.69,428190.26
01-10-16,ETHUSD,13.24,13.31,13.09,13.24,31926.29,421455.89,389529.6
02-10-16,ETHUSD,13.24,13.31,13.19,13.28,20286.88,269204.41,248917.53
03-10-16,ETHUSD,13.28,13.56,13.25,13.52,35524.38,474831.78,439307.4
04-10-16,ETHUSD,13.52,13.58,13.24,13.34,53980.62,725294.13,671313.51
05-10-16,ETHUSD,13.34,13.45,13.1,13.1,36204.22,480585.69,444381.47
06-10-16,ETHUSD,13.1,13.18,12.68,12.87,48924.89,633446.44,584521.55
07-10-16,ETHUSD,12.87,13.08,12.5,12.69,52947.36,673373.41,620426.05
08-10-16,ETHUSD,12.69,12.74,12.06,12.28,33724.29,417259.1,383534.81
09-10-16,ETHUSD,12.28,12.43,12.02,12.05,24668.77,300398.5,275729.73
10-10-16,ETHUSD,12.05,12.18,11.62,11.78,47080.88,558357.25,511276.37
11-10-16,ETHUSD,11.78,12.24,11.7,11.76,37042.12,442409.87,405367.75
12-10-16,ETHUSD,11.76,12.11,11.68,11.77,35232.03,417156.84,381924.81
13-10-16,ETHUSD,11.77,12.11,11.72,12.05,31713.6,378163.97,346450.37
14-10-16,ETHUSD,12.05,12.07,11.84,11.9,39154.1,468016.36,428862.26
15-10-16,ETHUSD,11.9,11.97,11.78,11.95,21439.53,253897.8,232458.27
16-10-16,ETHUSD,11.95,12.05,11.9,11.94,15411.22,184498.14,169086.92
17-10-16,ETHUSD,11.94,11.99,11.83,11.97,29110.6,346677.44,317566.84
18-10-16,ETHUSD,11.97,12.94,11.91,12.53,46583.18,583173.3,536590.12
19-10-16,ETHUSD,12.53,12.65,11.88,11.97,39494.74,481313.07,441818.33
20-10-16,ETHUSD,11.97,12.26,11.92,12.03,30223.82,364845.02,334621.2
21-10-16,ETHUSD,12.03,12.13,11.96,12.05,19202.07,231349.08,212147.01
22-10-16,ETHUSD,12.05,12.14,11.87,12.04,25762.92,309486.31,283723.39
23-10-16,ETHUSD,12.04,12.06,11.87,11.92,19686.11,235536.79,215850.68
24-10-16,ETHUSD,11.92,11.99,11.89,11.9,21117.33,252158.88,231041.55
25-10-16,ETHUSD,11.9,11.95,11.05,11.32,72129.63,828602.98,756473.35
26-10-16,ETHUSD,11.32,11.7,11.28,11.5,41652.63,479974.1,438321.47
27-10-16,ETHUSD,11.5,11.57,11.22,11.43,42811.32,489143.84,446332.52
28-10-16,ETHUSD,11.43,11.63,10.93,11.1,50124.99,563547.91,513422.92
29-10-16,ETHUSD,11.1,11.35,9.52,10.43,86942.69,910824.54,823881.85
30-10-16,ETHUSD,10.43,11.45,10.35,11.22,41977.21,454027.03,412049.82
31-10-16,ETHUSD,11.22,11.44,10.85,10.95,35056.52,390366.38,355309.86
01-11-16,ETHUSD,10.95,11.24,10.35,10.79,70151.2,752055.26,681904.06
02-11-16,ETHUSD,10.79,11.17,10.72,10.83,38938.13,425124.05,386185.92
03-11-16,ETHUSD,10.83,11.14,10.77,10.88,51350.07,561271.86,509921.79
04-11-16,ETHUSD,10.88,11.15,10.81,11.15,33755.55,371719.48,337963.93
05-11-16,ETHUSD,11.15,11.24,11.01,11.16,21746.4,242057.6,220311.2
06-11-16,ETHUSD,11.16,11.2,10.92,11.02,20641.26,227864.33,207223.07
07-11-16,ETHUSD,11.02,11.06,10.91,10.94,26659.97,292436.87,265776.9
08-11-16,ETHUSD,10.94,11.01,10.81,10.86,39073.8,425634.43,386560.63
09-11-16,ETHUSD,10.86,10.86,10.28,10.66,76390.23,810817.47,734427.24
10-11-16,ETHUSD,10.66,10.68,10.44,10.52,26327.63,278479.24,252151.61
11-11-16,ETHUSD,10.52,10.71,10.16,10.31,43185.33,449482.67,406297.34
12-11-16,ETHUSD,10.31,10.34,9.67,9.96,42103.64,422820.75,380717.11
13-11-16,ETHUSD,9.96,10.41,9.65,10.14,29006.07,291002.06,261995.99
14-11-16,ETHUSD,10.14,10.19,9.93,10.03,30934.5,311059.6,280125.1
15-11-16,ETHUSD,10.03,10.3,9.81,10.28,30136.06,304636.4,274500.34
16-11-16,ETHUSD,10.28,10.42,9.82,10.02,42250.29,429620.15,387369.86
17-11-16,ETHUSD,10.02,10.13,9.8,9.98,47840.4,477120.56,429280.16
18-11-16,ETHUSD,9.98,9.98,9.45,9.53,54539.8,526535.47,471995.67
19-11-16,ETHUSD,9.53,9.78,9.45,9.71,26967.97,259671.2,232703.23
20-11-16,ETHUSD,9.71,9.78,9.52,9.6,25176.99,242459.32,217282.33
21-11-16,ETHUSD,9.6,9.65,9.41,9.53,28990.25,276799.18,247808.93
22-11-16,ETHUSD,9.53,10.21,9.49,9.83,37365.82,367658.98,330293.16
23-11-16,ETHUSD,9.83,9.93,9.73,9.8,22154.47,217902.68,195748.21
24-11-16,ETHUSD,9.8,9.82,8.68,9.21,64049.63,595308.73,531259.1
25-11-16,ETHUSD,9.21,9.74,9.16,9.4,24496.71,230892.74,206396.03
26-11-16,ETHUSD,9.4,9.48,9.26,9.34,18214.99,170393.48,152178.49
27-11-16,ETHUSD,9.34,9.34,8.66,8.9,61083.47,547128.12,486044.65
28-11-16,ETHUSD,8.9,9,8.63,8.66,46102.71,403748.59,357645.88
29-11-16,ETHUSD,8.66,8.72,7.79,8.19,84595.13,694478.36,609883.23
30-11-16,ETHUSD,8.19,8.75,8.14,8.63,56318.84,477993.39,421674.55
01-12-16,ETHUSD,8.63,8.68,8.3,8.46,43101.87,364337.42,321235.55
02-12-16,ETHUSD,8.46,8.47,7.27,7.68,116181.65,910277.73,794096.08
03-12-16,ETHUSD,7.68,8.12,7.34,7.9,58289.52,456900.49,398610.97
04-12-16,ETHUSD,7.9,7.95,7.43,7.54,42711.41,328632.2,285920.79
05-12-16,ETHUSD,7.54,7.58,6.56,6.69,95587.37,680001.88,584414.51
06-12-16,ETHUSD,6.69,7.11,6.41,6.81,47706.85,320854.59,273147.74
07-12-16,ETHUSD,7.71,8.6,7.71,8.37,46875.49,385565.99,338690.5
08-12-16,ETHUSD,8.37,8.95,8.22,8.27,67714.48,575754.13,508039.65
09-12-16,ETHUSD,8.27,8.65,7.97,8.55,60071.95,502456.5,442384.55
10-12-16,ETHUSD,8.55,8.55,8.04,8.12,45391.72,375676.39,330284.67
11-12-16,ETHUSD,8.12,8.26,8.11,8.25,21536.23,176639.09,155102.86
12-12-16,ETHUSD,8.25,8.62,8.18,8.49,43335.74,364335.73,320999.99
13-12-16,ETHUSD,8.49,8.57,8.35,8.4,37648.68,318236.02,280587.34
14-12-16,ETHUSD,8.4,8.48,8.22,8.26,33422.27,279642.06,246219.79
15-12-16,ETHUSD,8.26,8.32,7.64,7.77,75000.43,598430.15,523429.72
16-12-16,ETHUSD,7.77,7.95,7.77,7.89,32425.44,254421.75,221996.31
17-12-16,ETHUSD,7.89,7.9,7.51,7.68,36896.29,283252.59,246356.3
18-12-16,ETHUSD,7.68,7.97,7.68,7.94,22625.38,177946.56,155321.18
19-12-16,ETHUSD,7.94,7.95,7.57,7.62,39547.57,308122.73,268575.16
20-12-16,ETHUSD,7.62,7.77,7.55,7.58,29862.69,228186.17,198323.48
21-12-16,ETHUSD,7.58,7.97,7.58,7.88,46425.49,362704.2,316278.71
22-12-16,ETHUSD,7.88,7.95,7.5,7.65,84291.82,646148.32,561856.5
23-12-16,ETHUSD,7.65,7.67,7.04,7.18,96220.41,708517.98,612297.57
24-12-16,ETHUSD,7.18,7.46,7.01,7.24,30547.09,222362.53,191815.44
25-12-16,ETHUSD,7.24,7.34,7.12,7.22,25909.14,186997.54,161088.4
26-12-16,ETHUSD,7.22,7.33,7.02,7.23,26968.38,194829.13,167860.75
27-12-16,ETHUSD,7.23,7.37,7.05,7.16,44686.29,321652.14,276965.85
28-12-16,ETHUSD,7.16,7.72,7.05,7.62,94309.02,693301.5,598992.48
29-12-16,ETHUSD,7.62,8.53,7.58,8.29,146158.7,1193400.15,1047241.45
30-12-16,ETHUSD,8.29,8.52,8.01,8.22,68694.29,569292.34,500598.05
31-12-16,ETHUSD,8.22,8.29,8,8.13,42604.11,345489.04,302884.93
01-01-17,ETHUSD,8.13,8.6,8.08,8.18,59493.79,494058.62,434564.83
02-01-17,ETHUSD,8.18,8.53,8.05,8.36,69677.68,576281.05,506603.37
03-01-17,ETHUSD,8.36,10.02,8.24,9.69,186381.64,1727093.22,1540711.58
04-01-17,ETHUSD,9.69,10.99,9.34,10.98,240108.54,2520314.73,2280206.19
05-01-17,ETHUSD,10.98,11.8,9.08,10.28,309761.56,3301868.66,2992107.1
06-01-17,ETHUSD,10.28,10.46,9.52,10.13,138104.31,1390099.98,1251995.67
07-01-17,ETHUSD,10.13,10.21,9.58,9.96,66199.34,655263.79,589064.45
08-01-17,ETHUSD,9.96,10.58,9.89,10.44,60801.43,622028.4,561226.97
09-01-17,ETHUSD,10.44,10.94,10.23,10.37,70750.14,750906.37,680156.23
10-01-17,ETHUSD,10.37,10.75,10.34,10.66,53708.47,569251.05,515542.58
11-01-17,ETHUSD,10.66,10.84,9.47,9.9,136012.38,1369411.64,1233399.26
12-01-17,ETHUSD,9.9,10.4,9.12,9.89,79325.95,767211.3,687885.35
13-01-17,ETHUSD,9.89,9.91,9.51,9.79,75160.15,727665.4,652505.25
14-01-17,ETHUSD,9.79,9.94,9.69,9.85,36466.57,357369.07,320902.5
15-01-17,ETHUSD,9.85,10.05,9.8,9.95,26342.6,261429.64,235087.04
16-01-17,ETHUSD,9.95,10.23,9.56,9.62,59203.77,580658.15,521454.38
17-01-17,ETHUSD,9.62,10.53,9.62,10.2,69235.88,705202.76,635966.88
18-01-17,ETHUSD,10.2,10.51,9.99,10.23,62085.98,635612.04,573526.06
19-01-17,ETHUSD,10.23,10.5,10.18,10.47,46097.26,477203.58,431106.32
20-01-17,ETHUSD,10.47,10.81,10.42,10.65,60007.76,637465.38,577457.62
21-01-17,ETHUSD,10.65,11.06,10.58,10.99,58646.7,635251.37,576604.67
22-01-17,ETHUSD,10.99,11.07,10.66,10.78,48319.33,525789.51,477470.18
23-01-17,ETHUSD,10.78,10.85,10.65,10.79,37450.63,403154.84,365704.21
24-01-17,ETHUSD,10.79,10.92,10.51,10.51,50346.28,536371.79,486025.51
25-01-17,ETHUSD,10.51,10.66,10.43,10.52,41493.67,437457.96,395964.29
26-01-17,ETHUSD,10.52,10.66,10.5,10.66,42966.6,454473.45,411506.85
27-01-17,ETHUSD,10.66,10.67,10.42,10.51,45753.98,481848.22,436094.24
28-01-17,ETHUSD,10.51,10.58,10.47,10.57,26141.66,275287.46,249145.8
29-01-17,ETHUSD,10.57,10.58,10.46,10.5,17940.18,189086.3,171146.12
30-01-17,ETHUSD,10.5,10.71,10.37,10.59,41621.54,437746.54,396125
31-01-17,ETHUSD,10.59,10.79,10.58,10.74,38762.79,413350.16,374587.37
01-02-17,ETHUSD,10.74,10.86,10.51,10.73,58999.83,630953.69,571953.86
02-02-17,ETHUSD,10.73,10.86,10.62,10.82,47862.16,513774.84,465912.68
03-02-17,ETHUSD,10.82,10.95,10.67,10.95,49201.44,531755.42,482553.98
04-02-17,ETHUSD,10.95,11.45,10.94,11.42,85693.75,965965.73,880271.98
05-02-17,ETHUSD,11.42,11.44,11.15,11.29,40199.13,453748.39,413549.26
06-02-17,ETHUSD,11.29,11.42,11.22,11.34,45016.88,509447.54,464430.66
07-02-17,ETHUSD,11.34,11.59,11.29,11.49,56217.1,643851.89,587634.79
08-02-17,ETHUSD,11.49,11.65,11.15,11.45,88301.88,1006729.73,918427.85
09-02-17,ETHUSD,11.45,11.54,10.61,10.99,111383.23,1229309.94,1117926.71
10-02-17,ETHUSD,10.99,11.48,10.88,11.38,68704.08,768879.39,700175.31
11-02-17,ETHUSD,11.38,11.5,11.34,11.49,35279.96,403164.61,367884.65
12-02-17,ETHUSD,11.49,11.54,11.4,11.48,23063.54,264674.2,241610.66
13-02-17,ETHUSD,11.48,11.54,11.21,11.44,49178.09,559274.36,510096.27
14-02-17,ETHUSD,11.44,14.7,11.39,13.02,234876.32,2938787.27,2703910.95
15-02-17,ETHUSD,13.02,14,12.66,12.98,128207.3,1662522.93,1534315.63
16-02-17,ETHUSD,12.98,13.03,12.62,12.89,88431.49,1133886.62,1045455.13
17-02-17,ETHUSD,12.89,12.95,12.71,12.75,90714.24,1163632.19,1072917.95
18-02-17,ETHUSD,12.75,12.93,12.75,12.89,45243.07,581885.8,536642.73
19-02-17,ETHUSD,12.89,12.95,12.79,12.9,34803.03,448524.09,413721.06
20-02-17,ETHUSD,12.9,12.95,12.56,12.61,69567.33,893778.72,824211.39
21-02-17,ETHUSD,12.61,12.87,12.3,12.83,98509.52,1249472.69,1150963.17
22-02-17,ETHUSD,12.83,12.99,12.68,12.75,80632.75,1031954.05,951321.3
23-02-17,ETHUSD,12.75,13.37,12.73,13.21,99246.56,1290646.25,1191399.69
24-02-17,ETHUSD,13.21,13.33,12.81,13.2,141491.9,1860597.64,1719105.74
25-02-17,ETHUSD,13.2,13.87,13.06,13.65,96768.93,1307178.81,1210409.88
26-02-17,ETHUSD,13.65,14.84,13.4,14.74,100635.82,1418191.22,1317555.4
27-02-17,ETHUSD,14.74,16.32,14.37,15.66,227368.74,3437218.12,3209849.38
28-02-17,ETHUSD,15.66,16.94,15.21,16.4,344427.99,5496235.97,5151807.98
01-03-17,ETHUSD,16.4,17.58,15.68,17.37,251573.29,4080210.08,3828636.79
02-03-17,ETHUSD,17.37,19.99,16.88,19.27,353316.15,6530061.52,6176745.37
03-03-17,ETHUSD,19.27,21.49,18.2,19.68,418054.19,8292701.24,7874647.05
04-03-17,ETHUSD,19.68,20.4,18.65,18.65,150668.49,2942700.62,2792032.13
05-03-17,ETHUSD,18.65,19.45,18.18,19.37,126250.85,2382207.51,2255956.66
06-03-17,ETHUSD,19.37,20.24,19.17,19.68,141862.26,2804985.76,2663123.5
07-03-17,ETHUSD,19.68,19.77,18.59,18.96,156647.94,3000705.32,2844057.38
08-03-17,ETHUSD,18.96,18.96,16.65,16.68,280369.05,4972148.41,4691779.36
09-03-17,ETHUSD,16.68,18.29,16.2,17.82,182290.07,3139630.97,2957340.9
10-03-17,ETHUSD,17.82,19.7,17.01,19.2,308771.31,5707738.07,5398966.76
11-03-17,ETHUSD,19.2,21.89,18.91,21.64,227081.01,4620772.87,4393691.86
12-03-17,ETHUSD,21.64,24.25,21.33,23.39,263530.04,5998303.82,5734773.78
13-03-17,ETHUSD,23.39,31.1,23.38,28.63,624529.57,17313033.21,16688503.64
14-03-17,ETHUSD,28.63,30,27.16,28.69,225827.62,6463914.73,6238087.11
15-03-17,ETHUSD,28.69,35.86,28.5,35.65,407951.45,13024043.77,12616092.32
16-03-17,ETHUSD,35.65,47.03,35.65,45.96,730115.9,29848110.67,29117994.77
17-03-17,ETHUSD,45.96,57.67,35.04,44.62,714087.72,33187742.19,32473654.47
18-03-17,ETHUSD,44.62,45,30.7,34.03,568891.39,21037389.23,20468497.84
19-03-17,ETHUSD,34.03,45.64,33.64,43.21,456278.75,18290571.59,17834292.84
20-03-17,ETHUSD,43.21,45.25,40.86,42.31,228423.36,9886785.64,9658362.28
21-03-17,ETHUSD,42.31,43.68,41.76,42.36,153365.51,6558176.59,6404811.08
22-03-17,ETHUSD,42.36,42.59,38.26,41.37,215074.73,8694763.41,8479688.68
23-03-17,ETHUSD,41.37,43.97,40.33,42.99,176095.67,7419929.65,7243833.98
24-03-17,ETHUSD,42.99,53.44,42.5,52.93,410838.4,19785456.56,19374618.16
25-03-17,ETHUSD,52.93,53.4,47.29,50.5,321381.11,16183488.6,15862107.49
26-03-17,ETHUSD,50.5,51.5,48.51,50.73,138810.77,6961266.89,6822456.12
27-03-17,ETHUSD,50.73,51.71,48.28,48.97,167688.47,8404872.05,8237183.58
28-03-17,ETHUSD,48.97,50.44,48.51,50.3,148100.51,7348122.31,7200021.8
29-03-17,ETHUSD,50.3,53.97,50.11,53.1,242466.46,12696297.27,12453830.81
30-03-17,ETHUSD,53.1,53.34,51.52,51.87,132517.91,6956979.32,6824461.41
31-03-17,ETHUSD,51.87,52.41,46.98,50.18,247518.46,12258616.13,12011097.67
01-04-17,ETHUSD,50.18,51.85,48.85,50.71,90500.08,4562219.23,4471719.15
02-04-17,ETHUSD,50.71,51.19,48.14,48.74,150042.64,7453149.87,7303107.23
03-04-17,ETHUSD,48.74,48.97,42.39,44.25,320838.99,14666813.46,14345974.47
04-04-17,ETHUSD,44.25,46.25,41.45,44.47,217773.83,9516955.39,9299181.56
05-04-17,ETHUSD,44.47,47.63,44.2,44.78,153140.72,7054235.32,6901094.6
06-04-17,ETHUSD,44.78,45.97,41.1,43.3,171491.68,7464018.9,7292527.22
07-04-17,ETHUSD,43.3,44.64,41.57,42.32,106373.33,4566968.25,4460594.92
08-04-17,ETHUSD,42.32,45.5,42.31,44.45,78580.8,3500595.99,3422015.19
09-04-17,ETHUSD,44.45,44.74,42.72,43.92,56522.72,2474395.44,2417872.72
10-04-17,ETHUSD,43.92,44.65,42.72,43.92,68313.48,2978928.93,2910615.45
11-04-17,ETHUSD,43.92,44.5,43.55,43.83,54986.75,2420789.78,2365803.03
12-04-17,ETHUSD,43.83,47.88,43.58,46.48,123684.88,5618434.19,5494749.31
13-04-17,ETHUSD,46.48,51.11,46.22,49.77,173020.62,8494580.05,8321559.43
14-04-17,ETHUSD,49.77,50,46.52,47.2,84119.33,4024842.23,3940722.9
15-04-17,ETHUSD,47.2,74.98,46.78,48.94,43649.87,2084025.5,2040375.63
16-04-17,ETHUSD,48.94,49.25,47.5,48.13,42235.56,2043139.03,2000903.47
17-04-17,ETHUSD,48.13,48.29,47.5,47.94,54006.9,2587857.02,2533850.12
18-04-17,ETHUSD,47.94,49.93,47.7,49.79,80984.29,3962080.36,3881096.07
19-04-17,ETHUSD,49.79,50.32,47.25,47.78,103734.12,5131263.04,5027528.92
20-04-17,ETHUSD,47.78,49.5,47.6,49.38,93616.82,4546096.81,4452479.99
21-04-17,ETHUSD,49.38,49.49,48.24,48.37,75751.29,3712932.91,3637181.62
22-04-17,ETHUSD,48.37,49.08,48.22,48.61,58655.76,2853455.65,2794799.89
23-04-17,ETHUSD,48.61,49,48.25,48.96,52542.67,2555384.2,2502841.53
24-04-17,ETHUSD,48.96,50.44,48.94,50.12,87525.62,4374104.47,4286578.85
25-04-17,ETHUSD,50.12,50.75,50,50.31,76642.95,3861596.52,3784953.57
26-04-17,ETHUSD,50.31,54.85,50.25,53.42,187574.5,9911654.68,9724080.18
27-04-17,ETHUSD,53.42,63.99,52.66,63.67,305748.06,18218315.3,17912567.24
28-04-17,ETHUSD,63.67,74.9,62.5,73.14,439080.81,29764049.64,29324968.83
29-04-17,ETHUSD,73.14,74.89,68.24,70.4,242005.37,17346942.58,17104937.21
30-04-17,ETHUSD,70.4,82.9,70,80.87,269888.42,20584476.48,20314588.06
01-05-17,ETHUSD,80.87,85.21,72.24,79.35,416156.9,33480503.94,33064347.04
02-05-17,ETHUSD,79.35,83.07,75.54,77.55,208582.4,16427688.06,16219105.66
03-05-17,ETHUSD,77.55,81.4,75.89,81.29,216364.72,17027417.4,16811052.68
04-05-17,ETHUSD,81.29,96.66,80.31,95.97,353899.08,31607268.71,31253369.63
05-05-17,ETHUSD,95.97,98.98,89,91.93,240061.94,22792285.13,22552223.19
06-05-17,ETHUSD,91.93,96.42,91.93,95.84,111326.05,10490087.26,10378761.21
07-05-17,ETHUSD,95.84,97.95,90,93.82,145930.52,13871180.1,13725249.58
08-05-17,ETHUSD,93.82,94.74,85.1,89.25,210827.43,19027227.25,18816399.82
09-05-17,ETHUSD,89.25,90.08,75.89,86.58,273001.48,23133637.07,22860635.59
10-05-17,ETHUSD,86.58,91.98,85.39,88.36,142798.6,12651925.92,12509127.32
11-05-17,ETHUSD,88.36,90.99,87.01,88.3,115134.68,10213510.73,10098376.05
12-05-17,ETHUSD,88.3,90.3,82.2,85.17,135056.75,11796903.84,11661847.09
13-05-17,ETHUSD,85.17,88.74,82,88.42,88615.54,7600806.6,7512191.06
14-05-17,ETHUSD,88.42,89.94,87.13,89.39,53049.01,4713507.67,4660458.66
15-05-17,ETHUSD,89.39,94.7,89.28,91,130441.28,11937509.69,11807068.41
16-05-17,ETHUSD,91,92.3,87.08,87.98,127110.8,11416157.35,11289046.55
17-05-17,ETHUSD,87.98,89.98,82.5,86.88,152677.51,13232890.86,13080213.35
18-05-17,ETHUSD,86.88,96.2,86.5,96.2,173249.17,15993643.17,15820394
19-05-17,ETHUSD,96.2,129.98,96.18,125.14,484280.55,54963567.09,54479286.54
20-05-17,ETHUSD,125.14,129.34,121,123.63,198964.37,25031581.26,24832616.89
21-05-17,ETHUSD,123.63,148.97,122,148.78,318574.91,43505747.13,43187172.22
22-05-17,ETHUSD,148.78,184.22,131.22,160.1,642448.27,105740817.1,105098368.8
23-05-17,ETHUSD,160.1,177.9,155.7,169.95,269250.5,44761219.81,44491969.31
24-05-17,ETHUSD,169.95,202,167.7,196.06,360830.35,67895079.24,67534248.89
25-05-17,ETHUSD,196.06,217.85,162.04,181.51,482875.03,96398922.27,95916047.24
26-05-17,ETHUSD,181.51,199.99,140,163.8,437396.51,75414265.02,74976868.51
27-05-17,ETHUSD,163.8,172,115.67,159.91,464987.82,69086549.89,68621562.07
28-05-17,ETHUSD,159.91,185,159.59,175.48,235833.53,40666324.91,40430491.38
29-05-17,ETHUSD,175.48,199,167,194.82,218840.44,40622488.98,40403648.54
30-05-17,ETHUSD,194.82,233.09,185,228.69,448179.33,93703935.58,93255756.25
31-05-17,ETHUSD,228.69,234.76,215.42,229.14,350206.07,79439685.18,79089479.11
01-06-17,ETHUSD,229.14,238.97,206.02,221.91,345158.11,77389924.49,77044766.38
02-06-17,ETHUSD,221.91,229.75,216.5,222.04,166352.56,37081095.86,36914743.3
03-06-17,ETHUSD,222.04,227.5,218.56,224.95,109741.98,24513281.94,24403539.96
04-06-17,ETHUSD,224.95,249.04,224,245.5,212893.42,50959013.68,50746120.26
05-06-17,ETHUSD,245.5,248.98,241.2,248,147943.22,36502542.85,36354599.63
06-06-17,ETHUSD,248,269.36,247,264.58,320723.29,82744001.93,82423278.64
07-06-17,ETHUSD,264.58,265.63,244.98,255.68,217929.53,56362415.22,56144485.69
08-06-17,ETHUSD,255.68,261,250,258.64,136840.28,35005691.85,34868851.57
09-06-17,ETHUSD,258.64,279.39,258.63,279.38,191009.87,51633564.45,51442554.58
10-06-17,ETHUSD,279.38,358.46,278.03,340.2,422776.34,131572602.9,131149826.5
11-06-17,ETHUSD,340.2,355,317.05,343.01,251081.34,85592217.05,85341135.71
12-06-17,ETHUSD,343.01,420,306.11,397.37,533643.35,198304467.7,197770824.4
13-06-17,ETHUSD,397.37,400,359.75,388,269654.04,104082570.8,103812916.7
14-06-17,ETHUSD,388,394.47,315,341.7,371647.61,134508919.4,134137271.8
15-06-17,ETHUSD,341.7,356.29,253,343.71,746442.06,231803268.8,231056826.8
16-06-17,ETHUSD,343.71,364,314,354.26,256280.74,88134279.02,87877998.28
17-06-17,ETHUSD,354.26,369,341.65,368.98,143736.77,51261725.65,51117988.88
18-06-17,ETHUSD,368.98,381.66,340.11,351.85,153305.27,55246020.7,55092715.43
19-06-17,ETHUSD,351.85,362.5,346.88,358.71,102985.08,36653221.42,36550236.34
20-06-17,ETHUSD,358.71,365.79,325,350.94,208984.31,73795531.25,73586546.94
21-06-17,ETHUSD,350.94,352,0.1,325.41,362773.06,109573239.3,109210466.3
22-06-17,ETHUSD,325.41,336.68,305,320.02,148969.08,47698163.15,47549194.07
23-06-17,ETHUSD,320.02,332.95,316.66,326.99,77361.77,25188926.61,25111564.84
24-06-17,ETHUSD,326.99,330.7,295.55,304.5,130959.16,41053846.39,40922887.23
25-06-17,ETHUSD,304.5,310,251.3,278.49,263316.16,74023435.12,73760118.96
26-06-17,ETHUSD,278.49,293,206.5,252.01,570509.84,140225606.2,139655096.4
27-06-17,ETHUSD,252.01,288.51,211,287.23,467570.56,115428201.5,114960631
28-06-17,ETHUSD,287.23,323.69,260.11,315.32,400443.84,117593524.9,117193081.1
29-06-17,ETHUSD,315.32,322.9,286.22,292.95,203290.87,62132254.77,61928963.9
30-06-17,ETHUSD,292.95,306.5,270.5,280.04,228650.07,65599322.46,65370672.39
01-07-17,ETHUSD,280.04,281.98,253.23,263.12,177875.83,47415685.5,47237809.67
02-07-17,ETHUSD,263.12,293.73,255.7,285,189772.27,52262287.77,52072515.5
03-07-17,ETHUSD,285,285,273.07,276.37,125450.8,35016353.54,34890902.74
04-07-17,ETHUSD,276.37,282.83,265,269.2,109560.95,30109905.28,30000344.33
05-07-17,ETHUSD,269.2,274.97,252.67,266.27,163719.11,43150162.51,42986443.4
06-07-17,ETHUSD,266.27,275,261.59,266.01,86692.02,23104815.07,23018123.05
07-07-17,ETHUSD,266.01,266.97,235.01,241.28,173813.04,43235641.32,43061828.28
08-07-17,ETHUSD,241.28,249.5,231.25,246.64,135292.19,32551056.02,32415763.83
09-07-17,ETHUSD,246.64,253.31,236,238.81,71478.52,17506678.15,17435199.63
10-07-17,ETHUSD,238.81,240.33,185.39,202.86,390262.56,83595403.95,83205141.39
11-07-17,ETHUSD,202.86,216.5,175.56,190.57,529292.75,103770299.3,103241006.5
12-07-17,ETHUSD,190.57,228.88,181,224.04,416548.13,86234866.5,85818318.37
13-07-17,ETHUSD,224.04,227,193.07,205,226334.24,47054550.83,46828216.59
14-07-17,ETHUSD,205,206.99,183.12,197.23,213004.28,41349453.02,41136448.74
15-07-17,ETHUSD,197.23,198.97,167,167.72,259502.23,47186110.39,46926608.16
16-07-17,ETHUSD,167.72,172.3,130.26,155.68,608545.97,92584328.03,91975782.06
17-07-17,ETHUSD,155.68,191.5,153.25,190.87,631922.25,109820156.5,109188234.2
18-07-17,ETHUSD,190.87,249.4,176.51,227.01,861502.71,182312318,181450815.3
19-07-17,ETHUSD,227.01,243.9,186.01,194.73,767465.83,164393592.5,163626126.7
20-07-17,ETHUSD,194.73,237,194.73,226.06,614039.06,134905285.7,134291246.6
21-07-17,ETHUSD,226.06,238,208.5,216.6,289020.82,64364463.59,64075442.77
22-07-17,ETHUSD,216.6,237.67,215.1,230.69,177131.67,40118529.07,39941397.4
23-07-17,ETHUSD,230.69,234.35,221.2,228.31,114698.99,26249308.36,26134609.37
24-07-17,ETHUSD,228.31,229.99,224,225.96,74927.06,17023543.96,16948616.9
25-07-17,ETHUSD,225.96,226.59,193,203.78,365232.02,75296235.06,74931003.04
26-07-17,ETHUSD,203.78,209.89,193.4,203.23,211168.76,42220511.77,42009343.01
27-07-17,ETHUSD,203.23,205,198.85,202.94,125421.87,25314400.8,25188978.93
28-07-17,ETHUSD,202.94,203.95,189.34,190.72,170542.13,33233436.3,33062894.17
29-07-17,ETHUSD,190.72,209.77,178.03,205.9,270176.25,51679328.43,51409152.18
30-07-17,ETHUSD,205.9,209.9,193.26,196.95,104659.76,20963045.11,20858385.35
31-07-17,ETHUSD,196.95,201.98,190.78,200.82,117401.55,23092104.62,22974703.07
01-08-17,ETHUSD,200.82,232.73,200.82,225.73,433959.09,94357485.82,93923526.73
02-08-17,ETHUSD,225.73,228.8,215.37,217.92,148761.72,32849658.95,32700897.23
03-08-17,ETHUSD,217.92,227.53,217.35,224,113095.97,25244903.38,25131807.41
04-08-17,ETHUSD,224,226.82,219.51,220.72,97638.27,21758153.32,21660515.05
05-08-17,ETHUSD,220.72,258.98,219.54,251.85,318966.11,76619150.23,76300184.12
06-08-17,ETHUSD,251.85,273,250.99,263.96,237739.39,61950704.21,61712964.82
07-08-17,ETHUSD,263.96,274.81,257.1,269.9,168116.61,44860354.07,44692237.46
08-08-17,ETHUSD,269.9,299.45,267,295.95,266088.44,76102445.66,75836357.22
09-08-17,ETHUSD,295.95,314.71,276.55,295.26,463512.56,137831624.9,137368112.3
10-08-17,ETHUSD,295.26,309.8,288.34,300.51,153582.36,46311401.26,46157818.9
11-08-17,ETHUSD,300.51,310,295.79,309.65,131062.56,39595152.25,39464089.69
12-08-17,ETHUSD,309.65,319.7,303.61,308.35,174987.74,54919824.11,54744836.37
13-08-17,ETHUSD,308.35,309.95,287,296.66,195188.77,57867177.91,57671989.14
14-08-17,ETHUSD,296.66,309.35,294.96,299.16,115754.7,34747885.03,34632130.33
15-08-17,ETHUSD,299.16,299.18,267,286.71,212484.41,60469976.2,60257491.79
16-08-17,ETHUSD,286.71,303.9,280,300.45,125230.52,36960066.56,36834836.04
17-08-17,ETHUSD,300.45,309.41,298,300.67,117873,35759155.26,35641282.26
18-08-17,ETHUSD,300.67,306.09,287,292.87,132050.12,39234434.29,39102384.17
19-08-17,ETHUSD,292.87,298.7,287,293.58,68001.66,19899757.31,19831755.65
20-08-17,ETHUSD,293.58,298.5,289.5,297.79,55101.88,16198759.59,16143657.71
21-08-17,ETHUSD,297.79,344.34,295.27,322,311428.04,100520508.9,100209080.9
22-08-17,ETHUSD,322,329.97,292,314.19,197047.43,61322529.98,61125482.55
23-08-17,ETHUSD,314.19,324.61,313.72,317.5,102309.16,32657839.2,32555530.04
24-08-17,ETHUSD,317.5,328,316,324.56,77744.58,25033864.82,24956120.24
25-08-17,ETHUSD,324.56,336.99,324.38,330.14,118194.87,39186766.23,39068571.36
26-08-17,ETHUSD,330.14,334.51,325.57,332.99,59967.15,19806246.77,19746279.62
27-08-17,ETHUSD,332.99,348.2,332.44,348.2,91478.74,30972598.55,30881119.81
28-08-17,ETHUSD,348.2,349.99,336.35,347.54,109186.6,37627134.09,37517947.49
29-08-17,ETHUSD,347.54,374.91,347.54,372.48,170549.02,62024232.53,61853683.51
30-08-17,ETHUSD,372.48,392,368.3,384.1,162065.05,61612513.22,61450448.17
31-08-17,ETHUSD,384.1,389.97,381.2,389.2,118009.24,45626353.51,45508344.27
01-09-17,ETHUSD,389.2,396.88,386.98,392.87,155517.57,61070928.86,60915411.29
02-09-17,ETHUSD,392.87,393.76,333,354.87,282629.78,101415224.9,101132595.1
03-09-17,ETHUSD,354.87,372,344.75,353.06,132749.63,47131803.58,46999053.95
04-09-17,ETHUSD,353.06,353.15,285,316.86,442187.06,138125635.2,137683448.2
05-09-17,ETHUSD,316.86,325,290.03,320.08,294665.64,91169926.68,90875261.04
06-09-17,ETHUSD,320.08,345,319.3,339.38,191401.76,64069286.75,63877884.99
07-09-17,ETHUSD,339.38,339.38,323.26,335.56,101282.57,33592740.02,33491457.45
08-09-17,ETHUSD,335.56,335.56,292.8,307.96,285619.99,88214346.62,87928726.63
09-09-17,ETHUSD,307.96,313.87,294.51,304.99,92737.57,28121304.27,28028566.7
10-09-17,ETHUSD,304.99,306.5,285.13,300.33,118799.61,35305619.18,35186819.57
11-09-17,ETHUSD,300.33,307.97,288.03,298.47,129694.67,38559083.79,38429389.12
12-09-17,ETHUSD,298.47,316.19,286,294.5,182914.81,54966905.24,54783990.43
13-09-17,ETHUSD,294.5,294.5,256.41,275.71,319936.08,87501576.34,87181640.26
14-09-17,ETHUSD,275.71,280.75,221.3,223.85,491857.08,119474609.1,118982752
15-09-17,ETHUSD,223.85,269.99,202.25,260.88,639753.85,152861086,152221332.2
16-09-17,ETHUSD,260.88,278,247.1,255.84,177743.79,46479611.19,46301867.4
17-09-17,ETHUSD,255.84,271.2,240.15,259.66,122774.31,31386819.6,31264045.29
18-09-17,ETHUSD,259.66,303.5,259.65,298,287425.78,82904263.85,82616838.07
19-09-17,ETHUSD,298,301,275.25,282.8,164199.97,47190323.76,47026123.79
20-09-17,ETHUSD,282.8,293.58,278.04,283.55,105622.63,30247969.64,30142347.01
21-09-17,ETHUSD,283.55,286.99,252.55,258.11,201694.74,54203044.57,54001349.83
22-09-17,ETHUSD,258.11,272,254.01,263.88,118061.66,30932093.85,30814032.19
23-09-17,ETHUSD,263.88,286.63,260.02,286.03,77758.19,21498585.99,21420827.8
24-09-17,ETHUSD,286.03,294.89,276.23,283.21,90828.53,25966522.89,25875694.36
25-09-17,ETHUSD,283.21,296.7,282.66,294.41,88828.97,25958608.72,25869779.75
26-09-17,ETHUSD,294.41,295.48,286.2,288.77,61231.12,17844632.84,17783401.72
27-09-17,ETHUSD,288.77,312.75,288.25,309.85,116061.3,34922345.26,34806283.96
28-09-17,ETHUSD,309.85,310,298.1,302.33,90132.95,27388129.98,27297997.03
29-09-17,ETHUSD,302.33,302.6,278,291.88,152759.33,44269866.59,44117107.26
30-09-17,ETHUSD,291.88,304.69,291.25,301.57,60055.73,17989413.72,17929357.99
01-10-17,ETHUSD,301.57,303.25,295.75,303.25,41100.68,12323453.94,12282353.26
02-10-17,ETHUSD,303.25,303.5,293.73,296.72,60463.83,18032390.9,17971927.07
03-10-17,ETHUSD,296.72,299,287.65,292.36,58247.44,17049019.04,16990771.6
04-10-17,ETHUSD,292.36,295,289.62,292,41538.9,12151300.18,12109761.28
05-10-17,ETHUSD,292,296.99,286.69,294.89,44261.68,12953531.97,12909270.29
06-10-17,ETHUSD,294.89,308.5,294.21,307.73,81571.08,24628265.3,24546694.22
07-10-17,ETHUSD,307.73,314.62,304.57,311.12,62354.78,19300115.95,19237761.17
08-10-17,ETHUSD,311.12,313.6,308.62,309.2,43824.13,13644500.37,13600676.24
09-10-17,ETHUSD,309.2,309.32,285.88,297,132885.36,39606638.87,39473753.51
10-10-17,ETHUSD,297,305,290.23,297.99,85158.91,25465505.01,25380346.1
11-10-17,ETHUSD,297.99,303,297.53,302,45172.03,13574161.8,13528989.77
12-10-17,ETHUSD,302,307,300.3,302.12,112978.85,34372037.18,34259058.33
13-10-17,ETHUSD,302.12,345,298.29,335.89,260364.5,84595762.03,84335397.53
14-10-17,ETHUSD,335.89,347,332.53,338.37,88124.17,30063215.82,29975091.65
15-10-17,ETHUSD,338.37,341,320,336.89,99654.04,33057629.74,32957975.7
16-10-17,ETHUSD,336.89,350,330.84,334.36,132572.3,45212742.16,45080169.86
17-10-17,ETHUSD,334.36,334.66,310.5,316.37,110893.62,35735837.76,35624944.14
18-10-17,ETHUSD,316.37,316.53,287.4,313.59,163663.92,49677659.8,49513995.88
19-10-17,ETHUSD,313.59,316.21,305.34,308.02,81119.87,25140959.72,25059839.85
20-10-17,ETHUSD,308.02,311.53,302,303.15,91536.02,28086354.25,27994818.23
21-10-17,ETHUSD,303.15,303.74,291.38,300,110535.8,32917792.69,32807256.89
22-10-17,ETHUSD,300,306.55,291.81,295.14,61487.07,18254446.48,18192959.41
23-10-17,ETHUSD,295.14,295.15,275.46,285.83,127944.56,36344513.02,36216568.46
24-10-17,ETHUSD,285.83,311.7,280.3,296.99,165326.3,50098871.26,49933544.96
25-10-17,ETHUSD,296.99,300.97,288.05,296.76,70233.52,20716448.32,20646214.8
26-10-17,ETHUSD,296.76,299.95,293.81,295.98,46475.25,13799993.52,13753518.27
27-10-17,ETHUSD,295.98,298.98,291.57,297.59,38403.14,11377539.3,11339136.16
28-10-17,ETHUSD,297.59,297.9,293.51,295.11,26251.61,7758822.91,7732571.3
29-10-17,ETHUSD,295.11,310,294.42,303.38,62428.01,19007680.66,18945252.65
30-10-17,ETHUSD,303.38,309.69,302.53,306.87,40747.46,12490218.99,12449471.53
31-10-17,ETHUSD,306.87,309.94,303.49,303.51,58658.29,18022322.63,17963664.34
01-11-17,ETHUSD,303.51,305,289.51,290.82,111494.96,33210994.21,33099499.25
02-11-17,ETHUSD,290.82,295.51,278.88,285.4,194140.11,55697567.45,55503427.34
03-11-17,ETHUSD,285.4,308.06,285.4,306,117086.48,34846865.74,34729779.26
04-11-17,ETHUSD,306,306,295,301.66,61767.05,18523272.27,18461505.22
05-11-17,ETHUSD,301.66,302,295.64,296.57,52496.91,15644427.25,15591930.34
06-11-17,ETHUSD,296.57,304.9,292,297.32,86784.66,25945235.9,25858451.24
07-11-17,ETHUSD,297.32,304,287,292.42,139457.39,40893417.73,40753960.34
08-11-17,ETHUSD,292.42,319.89,291,307.91,216181.94,66422175.9,66205993.96
09-11-17,ETHUSD,307.91,329.47,307.01,320.72,152292.53,48807054.55,48654762.02
10-11-17,ETHUSD,320.72,325.12,291.3,298.04,151867.91,46451792.67,46299924.76
11-11-17,ETHUSD,298.04,319.94,297.67,315.69,116590.68,36070041.1,35953450.42
12-11-17,ETHUSD,315.69,316.55,301.04,307.1,171074.14,52886758.56,52715684.42
13-11-17,ETHUSD,307.1,319,306.5,315.56,136277.34,42928263.89,42791986.55
14-11-17,ETHUSD,315.56,336.91,315.5,335.04,192627.96,63175665.16,62983037.2
15-11-17,ETHUSD,335.04,340.84,326,331.81,126289.99,42145249.08,42018959.09
16-11-17,ETHUSD,331.81,334.8,321.91,330.21,128817.68,42297954.6,42169136.92
17-11-17,ETHUSD,330.21,334.3,326.46,332.31,91391.19,30249994.34,30158603.15
18-11-17,ETHUSD,332.31,349,328.22,346.6,97884.46,33115060.34,33017175.88
19-11-17,ETHUSD,346.6,374.7,344.01,354.59,194323.57,69421270.28,69226946.71
20-11-17,ETHUSD,354.59,373.75,354.24,368.24,122429.34,44557409.8,44434980.46
21-11-17,ETHUSD,368.24,372.99,350.5,361.51,184909.31,67084561.31,66899652
22-11-17,ETHUSD,361.51,382.96,361,381.73,121570.92,45008439.9,44886868.98
23-11-17,ETHUSD,381.73,428.6,376.04,406.61,300290.46,121595850.4,121295560
24-11-17,ETHUSD,406.61,479.89,401,470.98,322816.29,143016102.8,142693286.5
25-11-17,ETHUSD,470.98,488,456,466.77,245767.37,115698848.5,115453081.1
26-11-17,ETHUSD,466.77,477.65,451.81,473.99,178470.5,82662051.06,82483580.56
27-11-17,ETHUSD,473.99,492.99,462.1,477.53,214573.14,102690422.3,102475849.1
28-11-17,ETHUSD,477.53,483,463.6,468.52,170876.7,80711075.57,80540198.87
29-11-17,ETHUSD,468.52,518.13,410.09,434.01,446414.24,210512455.7,210066041.5
30-11-17,ETHUSD,434.01,470,401.5,434.03,337291.89,145834049.9,145496758.1
01-12-17,ETHUSD,434.03,468.43,421.58,463.82,187467.26,83992148.3,83804681.04
02-12-17,ETHUSD,463.82,474.96,451.21,460.34,153359.34,71316440.44,71163081.1
03-12-17,ETHUSD,460.34,483.5,450,464.76,155319.05,72814695.64,72659376.59
04-12-17,ETHUSD,464.76,473,449.4,468.22,130971.97,60565575.13,60434603.16
05-12-17,ETHUSD,468.22,470,451.56,457.3,136130.56,62927433.49,62791302.93
06-12-17,ETHUSD,457.3,461.99,425.01,432.49,330168.85,146779503.8,146449335
07-12-17,ETHUSD,432.49,448.89,415.01,433.28,312218.19,135375010.1,135062791.9
08-12-17,ETHUSD,433.28,479.1,420.01,463.45,381432.22,172178710.9,171797278.7
09-12-17,ETHUSD,463.45,535.1,450,485.04,465089.3,229413184.6,228948095.3
10-12-17,ETHUSD,485.04,486.13,438,447.71,192178.32,87760499.48,87568321.16
11-12-17,ETHUSD,447.71,519.49,445.75,518,262247.88,126402835.4,126140587.6
12-12-17,ETHUSD,518,714,501.11,686.82,725482.33,420734054.6,420008572.3
13-12-17,ETHUSD,686.82,784.77,606,711.94,693903.3,482343884.2,481649980.9
14-12-17,ETHUSD,711.94,758,660.83,705.01,372341.08,267837586.8,267465245.7
15-12-17,ETHUSD,705.01,706,618.19,693.5,284248.1,190617186.3,190332938.2
16-12-17,ETHUSD,693.5,735,684.16,704.27,180036.77,126274172.3,126094135.6
17-12-17,ETHUSD,704.18,746.93,703,732.18,155067.98,112638702,112483634
18-12-17,ETHUSD,732.18,798.81,695,785.65,289140.71,216470423.1,216181282.4
19-12-17,ETHUSD,785.65,875,770.38,826.65,381894.64,314535254.6,314153360
20-12-17,ETHUSD,826.65,833.6,701,802.86,303676.49,240544037.8,240240361.3
21-12-17,ETHUSD,802.86,845,767.15,796.98,232713.18,187492726.3,187260013.1
22-12-17,ETHUSD,796.98,799.95,460,682.11,743873.43,485222147.2,484478273.8
23-12-17,ETHUSD,682.11,774.99,670,732.8,192493.97,140438510.6,140246016.6
24-12-17,ETHUSD,732.8,734.86,641.14,697.04,157409.52,107600462,107443052.5
25-12-17,ETHUSD,697.04,759.88,693.5,740.5,118894.8,86804964.19,86686069.39
26-12-17,ETHUSD,740.5,771,738.07,755.07,98761.39,74310569.35,74211807.96
27-12-17,ETHUSD,755.07,767,706,739.99,121822.72,90191247.25,90069424.53
28-12-17,ETHUSD,739.99,742.31,676.03,719.5,169702.64,119741787.5,119572084.9
29-12-17,ETHUSD,719.5,755,713,748.89,143781.49,106051307.2,105907525.7
30-12-17,ETHUSD,748.89,748.9,691.1,710.58,128727.67,92607974.2,92479246.53
31-12-17,ETHUSD,710.58,751,699,741.27,84051.58,60926498.69,60842447.11
01-01-18,ETHUSD,741.27,764.97,727.14,759.03,83751.51,62482198.79,62398447.28
02-01-18,ETHUSD,759.03,878.5,759.02,865,335080.13,282663894.7,282328814.5
03-01-18,ETHUSD,865,949.98,850.11,938.31,268708.47,241097653.2,240828944.7
04-01-18,ETHUSD,938.31,994.89,906.01,949,282568.57,269232364.8,268949796.3
05-01-18,ETHUSD,949,1015,935,969.27,257910.95,251956164,251698253.1
06-01-18,ETHUSD,969.27,1009.11,961.23,1006.68,119847.93,118766448.5,118646600.5
07-01-18,ETHUSD,1006.68,1118.3,1003.02,1118.3,165746.64,176519091.6,176353345
08-01-18,ETHUSD,1118.3,1228.99,951,1137.01,349324.21,395312780.8,394963456.5
09-01-18,ETHUSD,1137.01,1297.58,1119,1290.01,254757.33,308934115.3,308679358
10-01-18,ETHUSD,1290.01,1386.99,1207.61,1246.95,348207.24,455622468.3,455274261.1
11-01-18,ETHUSD,1246.95,1335,1083.97,1137.01,350252.85,420030364,419680111.1
12-01-18,ETHUSD,1137.01,1285,1089.18,1260,190313.92,230563476.1,230373162.2
13-01-18,ETHUSD,1260,1419.96,1259.99,1386.02,183918.99,248668725,248484806
14-01-18,ETHUSD,1386.02,1389.11,1256.01,1365.46,131600.19,175703182.2,175571582
15-01-18,ETHUSD,1365.46,1380.97,1269.01,1278.63,119057.72,157026819.9,156907762.1
16-01-18,ETHUSD,1278.63,1285.57,852.01,1080,579557.94,617688885.4,617109327.5
17-01-18,ETHUSD,1080,1164.4,757,1028.06,791710.8,736027535.9,735235825.1
18-01-18,ETHUSD,1028.06,1100,951,1025.78,336528.66,350676894.6,350340366
19-01-18,ETHUSD,1025.78,1093,994.4,1037.45,158648.34,164823297.1,164664648.8
20-01-18,ETHUSD,1037.45,1164.97,1036.08,1150.02,158694.23,176404493.3,176245799.1
21-01-18,ETHUSD,1150.02,1151,1011,1047.13,147787.86,158124230.1,157976442.2
22-01-18,ETHUSD,1047.13,1080,917,999.68,204309.19,202377929.3,202173620.1
23-01-18,ETHUSD,999.68,1019,905,984.03,201639.94,196387474,196185834.1
24-01-18,ETHUSD,984.03,1056.99,952.68,1056.99,149999.5,151249762.8,151099763.3
25-01-18,ETHUSD,1056.99,1098.74,1014.9,1040,159131.45,168874122.1,168714990.6
26-01-18,ETHUSD,1040,1071.75,987.54,1045.57,133679.04,138418187,138284508
27-01-18,ETHUSD,1045.57,1118.98,1030,1100,111977.09,120570461.8,120458484.7
28-01-18,ETHUSD,1100,1224,1087.94,1215.01,164654.9,191902216.5,191737561.6
29-01-18,ETHUSD,1215.01,1221.74,1137.2,1162.27,120882.1,141102467.7,140981585.6
30-01-18,ETHUSD,1162.27,1171,1025,1054.39,220058.79,239959019.7,239738960.9
31-01-18,ETHUSD,1054.39,1121.03,1013.25,1105,167767.66,179717810.6,179550042.9
01-02-18,ETHUSD,1105,1143,930,1017.48,308093.39,321672225.1,321364131.7
02-02-18,ETHUSD,1017.48,1020.48,726.43,911.99,544474.95,487774968.4,487230493.5
03-02-18,ETHUSD,911.99,998,841.61,969.4,190127.22,177128763.3,176938636
04-02-18,ETHUSD,969.4,970.4,783.27,826,206467.92,179475868.5,179269400.6
05-02-18,ETHUSD,826,857.5,615,693.54,556041.26,400225832.7,399669791.5
06-02-18,ETHUSD,693.54,807.5,555.56,783.83,724904.53,487312087.6,486587183.1
07-02-18,ETHUSD,783.83,864.49,718.03,750.04,342377.72,271817279,271474901.3
08-02-18,ETHUSD,750.04,843,747.82,812,179532.03,144121843.6,143942311.5
09-02-18,ETHUSD,812,879.2,780,875.99,163125.96,136643584.8,136480458.9
10-02-18,ETHUSD,875.99,908.76,815,849.47,153410.82,132968606.3,132815195.5
11-02-18,ETHUSD,849.47,851.77,780,811.35,99152.51,81308495.68,81209343.17
12-02-18,ETHUSD,811.35,874.03,810.99,864.4,88046.97,75144272.41,75056225.44
13-02-18,ETHUSD,864.4,867.48,826,840.49,69322.43,58507170.74,58437848.31
14-02-18,ETHUSD,840.49,924.7,839.45,920.27,163475.74,145467815.1,145304339.4
15-02-18,ETHUSD,920.27,948.23,905.49,929.3,131225.07,121775173.6,121643948.5
16-02-18,ETHUSD,929.3,944.92,910.8,936.02,79102.83,73649640.03,73570537.2
17-02-18,ETHUSD,936.02,976.79,934.2,975,72522.39,69779993.19,69707470.8
18-02-18,ETHUSD,975,982.99,909.1,912.41,94527.04,89097714.86,89003187.82
19-02-18,ETHUSD,912.41,956,911,939.01,51464.5,48264429.44,48212964.94
20-02-18,ETHUSD,939.01,958,875,884.76,108323.32,100249666.5,100141343.2
21-02-18,ETHUSD,884.76,908.15,817.01,840.34,128091.08,110099877.7,109971786.6
22-02-18,ETHUSD,840.34,870,790.01,806,101411.56,83281536.33,83180124.77
23-02-18,ETHUSD,806,883,786.4,854.01,99595.59,83650514.41,83550918.82
24-02-18,ETHUSD,854.01,874.66,808.37,833.2,63968.83,53690578.01,53626609.18
25-02-18,ETHUSD,833.2,849.26,816.89,841.96,38291.2,31990949.42,31952658.22
26-02-18,ETHUSD,841.96,877.5,835,867.09,63250.59,54427597.14,54364346.55
27-02-18,ETHUSD,867.09,894,860.97,870.98,60578.72,53084539.39,53023960.67
28-02-18,ETHUSD,870.98,887.5,848.21,849.99,58133.38,50595433.19,50537299.81
01-03-18,ETHUSD,849.99,878,845.54,868.74,48899.31,42275824.21,42226924.9
02-03-18,ETHUSD,868.74,873.12,846.97,854.31,43776.13,37668051.86,37624275.73
03-03-18,ETHUSD,854.31,866.72,851.04,854.34,33187.93,28546722.25,28513534.32
04-03-18,ETHUSD,854.34,865,836.37,861.74,32005.49,27288599.25,27256593.76
05-03-18,ETHUSD,861.74,866,848.83,848.83,38758.29,33279801.24,33241042.95
06-03-18,ETHUSD,848.83,849.97,801.01,815.43,57328.2,47392056.25,47334728.05
07-03-18,ETHUSD,815.43,825,724,751.38,127281.5,96964275.13,96836993.63
08-03-18,ETHUSD,751.38,774,686,698.83,103420.35,75069227.76,74965807.41
09-03-18,ETHUSD,698.83,734,641.6,728.46,162041.5,110795291.5,110633250
10-03-18,ETHUSD,728.46,749,680.2,683.6,66035.23,47570441.83,47504406.6
11-03-18,ETHUSD,683.6,735,666,719.79,66887.24,46895001.95,46828114.71
12-03-18,ETHUSD,719.79,739,678,696.51,71751.41,50752087.42,50680336.01
13-03-18,ETHUSD,696.51,713.45,679.78,690.39,61445.84,42528427.11,42466981.27
14-03-18,ETHUSD,690.39,702.5,585.52,614.63,142152.46,90311315.9,90169163.44
15-03-18,ETHUSD,614.63,621.47,571.16,610.99,143869,85999396.91,85855527.91
16-03-18,ETHUSD,610.99,626.13,585,600.52,87874.25,53600255.89,53512381.64
17-03-18,ETHUSD,600.52,609.94,541.11,549.79,97573.38,55823645.71,55726072.33
18-03-18,ETHUSD,549.79,574,450,538,409384.42,204673475.1,204264090.7
19-03-18,ETHUSD,538,560.9,516.4,555.55,177641.14,96077916.73,95900275.59
20-03-18,ETHUSD,555.55,567.04,516.53,558,148891.98,81288804.8,81139912.82
21-03-18,ETHUSD,558,589.75,545.2,559.98,115161.56,65506531.66,65391370.1
22-03-18,ETHUSD,559.98,578.73,517.6,539.89,92291.93,50071268.3,49978976.37
23-03-18,ETHUSD,539.89,543.04,507.84,543.04,84295.53,43980747.44,43896451.91
24-03-18,ETHUSD,543.04,545.94,517.7,519.57,51693.57,27673943.67,27622250.1
25-03-18,ETHUSD,519.57,536,510.36,522.55,48861.72,25498788.29,25449926.57
26-03-18,ETHUSD,522.55,525,466.1,486.75,144436.62,70502721.21,70358284.59
27-03-18,ETHUSD,486.75,493,445,449,153118.55,70690800.36,70537681.81
28-03-18,ETHUSD,449,464.89,439.18,445.47,93147.8,41778706.52,41685558.72
29-03-18,ETHUSD,445.47,448,379.1,383.29,278952.74,112855998.3,112577045.6
30-03-18,ETHUSD,383.29,411,365,394.46,278420.31,106543458.1,106265037.8
31-03-18,ETHUSD,394.46,435,388.88,394.54,144527.54,58599887.94,58455360.4
01-04-18,ETHUSD,394.54,400.65,360,378.18,108554.28,41008442.11,40899887.83
02-04-18,ETHUSD,378.18,393.95,375.36,384,89596.37,34497306.85,34407710.48
03-04-18,ETHUSD,384,421.59,380.89,416.38,152807.1,61428715.59,61275908.49
04-04-18,ETHUSD,416.38,418,370.08,378.43,114689.84,44603966.69,44489276.85
05-04-18,ETHUSD,378.43,387.2,366.54,381.55,90647.05,34236417.33,34145770.28
06-04-18,ETHUSD,381.55,386.21,363.33,370.32,89315.98,33203912.28,33114596.3
07-04-18,ETHUSD,370.32,395.9,369.2,384.61,59741.6,22970472.55,22910730.95
08-04-18,ETHUSD,384.61,404.1,384.61,399.9,61747.81,24419086.11,24357338.3
09-04-18,ETHUSD,399.9,432,388,398.8,127435.23,51553120.82,51425685.59
10-04-18,ETHUSD,398.8,418.26,392.25,415.45,68843.53,27867928.26,27799084.73
11-04-18,ETHUSD,415.45,433.83,410.11,430.81,88765.33,37324786.17,37236020.84
12-04-18,ETHUSD,430.81,497,413.81,493.41,238534.71,109178070.5,108939535.8
13-04-18,ETHUSD,493.41,529.36,481.18,495.22,224849.04,113460455.6,113235606.5
14-04-18,ETHUSD,495.22,513.86,488,502.4,76110.4,38140848.54,38064738.14
15-04-18,ETHUSD,502.4,534.57,502.4,533.74,97808.95,50914422.3,50816613.35
16-04-18,ETHUSD,533.74,537.5,498.29,511.28,127908.24,65529419.96,65401511.72
17-04-18,ETHUSD,511.28,521.94,500.49,502.42,93836.96,47877821.66,47783984.7
18-04-18,ETHUSD,502.42,526.49,501.2,525.89,95960.78,49352794.85,49256834.07
19-04-18,ETHUSD,525.89,569.95,521.18,567.29,127263.97,69420999.5,69293735.53
20-04-18,ETHUSD,567.29,622.22,557.4,617.17,177316.95,103958082.7,103780765.7
21-04-18,ETHUSD,617.17,624.21,572,605.16,100181.66,60376723.18,60276541.52
22-04-18,ETHUSD,605.16,643.47,590.7,621,90613.77,56641400.73,56550786.96
23-04-18,ETHUSD,621,647.47,618.7,642.85,91745.79,58590990.78,58499244.99
24-04-18,ETHUSD,642.85,711,642.85,703.38,200066.58,137803751.2,137603684.6
25-04-18,ETHUSD,703.38,704,578.75,617.49,324125.26,206525892.9,206201767.7
26-04-18,ETHUSD,617.49,666.82,600,661.13,141137.95,88742659.25,88601521.3
27-04-18,ETHUSD,661.13,685.91,639.25,642.77,111601.09,74188522.16,74076921.07
28-04-18,ETHUSD,642.77,692.58,638.7,682,73630.47,49824657.9,49751027.43
29-04-18,ETHUSD,682,696.71,666.04,687.51,66129.72,45186766.99,45120637.27
30-04-18,ETHUSD,687.51,692.45,662.11,669.81,88961.29,60528460.58,60439499.29
01-05-18,ETHUSD,669.81,675.01,627.2,670.75,150245.28,97704474.51,97554229.23
02-05-18,ETHUSD,670.75,689.98,660.63,685.02,97029.73,65675595.56,65578565.83
03-05-18,ETHUSD,685.02,784.76,684,775.51,181350.16,133925587.3,133744237.1
04-05-18,ETHUSD,775.51,805.31,757.1,783.01,142869.13,111563539,111420669.8
05-05-18,ETHUSD,783.01,824.67,778.5,812,93785.39,75657582.61,75563797.22
06-05-18,ETHUSD,812,828.97,750.7,784.28,99318.87,78244583.06,78145264.19
07-05-18,ETHUSD,784.28,789.98,695.12,752.42,212962.73,156762360.1,156549397.4
08-05-18,ETHUSD,752.42,776,720,746.99,122721.47,91650830.07,91528108.6
09-05-18,ETHUSD,746.99,759.5,708.8,750,96171.49,70841297.13,70745125.64
10-05-18,ETHUSD,750,768,723.01,723.51,83048.8,62084388.22,62001339.42
11-05-18,ETHUSD,723.51,735.19,662.6,678.05,175277.2,121383936.1,121208658.9
12-05-18,ETHUSD,678.05,692.39,638.88,684.66,101042.73,67654109.5,67553066.77
13-05-18,ETHUSD,684.66,740.31,671,729.29,78546.64,55933865.29,55855318.65
14-05-18,ETHUSD,729.29,745,684.8,726.9,154997.01,111296761,111141764
15-05-18,ETHUSD,726.9,738,694.75,706.08,92613.08,66727835.57,66635222.49
16-05-18,ETHUSD,706.08,710.44,677.55,707.45,83332.92,57790727.85,57707394.93
17-05-18,ETHUSD,707.45,717.17,661,668.56,77681.37,53802364.81,53724683.44
18-05-18,ETHUSD,668.56,694.71,656.5,694.5,80879.45,54698883.51,54618004.06
19-05-18,ETHUSD,694.5,715.76,677.7,695.96,44895.71,31311407.72,31266512.01
20-05-18,ETHUSD,695.96,723,687.7,714,48768.95,34675570.97,34626802.02
21-05-18,ETHUSD,714,717,686.52,696.77,46748.57,32841915.46,32795166.89
22-05-18,ETHUSD,696.77,699,638,640.5,94466.09,62992057.21,62897591.12
23-05-18,ETHUSD,640.5,648.46,563.27,577.2,196828.45,118757430.5,118560602
24-05-18,ETHUSD,577.2,609.21,545.36,603,132716.79,77524898.56,77392181.77
25-05-18,ETHUSD,603,616,568.27,584.02,95334.71,56644888.27,56549553.56
26-05-18,ETHUSD,584.02,606,577.65,584.99,43858.88,26036976.23,25993117.35
27-05-18,ETHUSD,584.99,589.5,556,570.75,52997.24,30324539.02,30271541.78
28-05-18,ETHUSD,570.75,575,507,511.33,110242.59,58603747.26,58493504.67
29-05-18,ETHUSD,511.33,573.53,510.91,566.66,130626.85,71471747.75,71341120.9
30-05-18,ETHUSD,566.66,585.92,541.23,557.22,94445.54,52961594.41,52867148.87
31-05-18,ETHUSD,557.22,589,553.6,577.1,93197.14,53537536.55,53444339.41
01-06-18,ETHUSD,577.1,588,561.49,578.89,89495.25,51239474.38,51149979.13
02-06-18,ETHUSD,578.89,600,571.75,590.46,60266.15,35320118.74,35259852.59
03-06-18,ETHUSD,590.46,627.83,590.46,618.63,48953.48,30045741.8,29996788.32
04-06-18,ETHUSD,618.63,626.55,576.28,591.5,63602.98,37958150.51,37894547.53
05-06-18,ETHUSD,591.5,612,574.77,607.6,70392.81,41915296.42,41844903.61
06-06-18,ETHUSD,607.6,611.69,592.76,606.18,67121.97,40416713.5,40349591.53
07-06-18,ETHUSD,606.18,615.26,594.01,603.56,79195.76,47915825.96,47836630.2
08-06-18,ETHUSD,603.56,607,591,598.59,37162.46,22280071.08,22242908.62
09-06-18,ETHUSD,598.59,608,591.81,593.41,25904.5,15573870.9,15547966.4
10-06-18,ETHUSD,593.41,593.41,505,525.25,131453.48,71125138.71,70993685.23
11-06-18,ETHUSD,525.25,536.85,509.97,531.68,109138.53,57128600.42,57019461.89
12-06-18,ETHUSD,531.68,538.99,485,494.14,115569.97,58847310.41,58731740.44
13-06-18,ETHUSD,494.14,502.4,450.11,476.02,160593.09,76212244.03,76051650.94
14-06-18,ETHUSD,476.02,529.34,459.46,519.75,207991.19,103522954.2,103314963
15-06-18,ETHUSD,519.75,521,482,487.45,96893.05,48506479.26,48409586.21
16-06-18,ETHUSD,487.45,502.81,484.12,497.31,42779.8,21176859.4,21134079.6
17-06-18,ETHUSD,497.31,507.83,493.33,496.5,34226.38,17120744.25,17086517.87
18-06-18,ETHUSD,496.5,525,488,517.47,70868.48,35923728.96,35852860.48
19-06-18,ETHUSD,517.47,547.4,514.45,538.5,69096.18,36680610.65,36611514.47
20-06-18,ETHUSD,538.5,541.8,516.67,536,58479.66,30931573.3,30873093.64
21-06-18,ETHUSD,536,544.23,521.5,525.49,48892.68,26032187.41,25983294.73
22-06-18,ETHUSD,525.49,525.65,449.02,462.01,151090.1,72216362.11,72065272.01
23-06-18,ETHUSD,462.01,481.74,457.87,475.17,47244.56,22260871.06,22213626.5
24-06-18,ETHUSD,475.17,476.9,421.1,454.79,142862.65,63789853.15,63646990.5
25-06-18,ETHUSD,454.79,473.27,445,458.41,80945.37,37157310.24,37076364.87
26-06-18,ETHUSD,458.41,460.72,429,429.08,74938.63,33392996.37,33318057.74
27-06-18,ETHUSD,429.08,446,420.12,441.41,69995.83,30243406.12,30173410.29
28-06-18,ETHUSD,441.41,443.78,417,420,55866.2,24089323.95,24033457.75
29-06-18,ETHUSD,420,442,404.22,434.6,94907.82,39610851.79,39515943.97
30-06-18,ETHUSD,434.6,462.49,434.5,453.29,57061.02,25635348.33,25578287.31
01-07-18,ETHUSD,453.29,455.87,444.85,451.43,33616.5,15146943.94,15113327.44
02-07-18,ETHUSD,451.43,481.98,442.79,476.34,68661.24,32025850.13,31957188.89
03-07-18,ETHUSD,476.34,486.76,459.31,461.75,67116.85,31705086.4,31637969.55
04-07-18,ETHUSD,461.75,482.01,451.35,466.9,56448.95,26343207.39,26286758.44
05-07-18,ETHUSD,466.9,477.99,457.85,467.25,53857.11,25244986.39,25191129.28
06-07-18,ETHUSD,467.25,474.99,451.68,469.3,40899.9,19062799.82,19021899.92
07-07-18,ETHUSD,469.3,486.69,462,484.48,31689.56,14927137.74,14895448.18
08-07-18,ETHUSD,484.48,494.74,479.31,486.08,38259.09,18623873.16,18585614.07
09-07-18,ETHUSD,486.08,488,469,471.6,44924.79,21491496.64,21446571.85
10-07-18,ETHUSD,471.6,473,427.88,432.59,95651.51,42586650.82,42490999.31
11-07-18,ETHUSD,432.59,448.54,425.34,446.25,66210.14,29106538.05,29040327.91
12-07-18,ETHUSD,446.25,447.17,418.23,431.46,49757.95,21457578.16,21407820.21
13-07-18,ETHUSD,431.46,442.31,425.1,432.8,50436.29,21933016.06,21882579.77
14-07-18,ETHUSD,432.8,439.99,428.13,434.13,23906.65,10379674.15,10355767.5
15-07-18,ETHUSD,434.13,454.21,431.29,449.41,33325.87,14852359.05,14819033.18
16-07-18,ETHUSD,449.41,479.92,444.05,478.18,63612.87,29769353.57,29705740.7
17-07-18,ETHUSD,478.18,510.79,466.1,499.01,92119.31,45062392.53,44970273.22
18-07-18,ETHUSD,499.01,515.88,468.85,478.81,94827.67,46779563.77,46684736.1
19-07-18,ETHUSD,478.81,483.88,462.16,468.39,50581.94,23880537.85,23829955.91
20-07-18,ETHUSD,468.39,468.73,441,448.21,61048.59,27847066.85,27786018.26
21-07-18,ETHUSD,448.21,468.85,442,461.5,31111.47,14278165.26,14247053.79
22-07-18,ETHUSD,461.5,471.74,455,456.9,29849.82,13805523.2,13775673.38
23-07-18,ETHUSD,456.9,469.3,445.66,449,59338.49,27160116.83,27100778.34
24-07-18,ETHUSD,449,483.92,447.99,478.78,85029.71,39952757.95,39867728.24
25-07-18,ETHUSD,478.78,484.43,463.55,470.81,61154.04,29015958.82,28954804.78
26-07-18,ETHUSD,470.81,483.88,460,461.42,46937.07,22216152.67,22169215.6
27-07-18,ETHUSD,461.42,473.33,454.25,469.3,43232.8,20073528.1,20030295.3
28-07-18,ETHUSD,469.3,471.01,461.25,468.12,18686.65,8725695.14,8707008.49
29-07-18,ETHUSD,468.12,471.37,462,466.01,19933.71,9292223.1,9272289.39
30-07-18,ETHUSD,466.01,469,446,456.47,47834.01,21847823.23,21799989.22
31-07-18,ETHUSD,456.47,457.3,427.33,432.16,57334.24,25036791.62,24979457.38
01-08-18,ETHUSD,432.16,435.48,407.78,419.6,73452.8,30807918.3,30734465.5
02-08-18,ETHUSD,419.6,424.61,407.29,410.71,43251.21,17900618.41,17857367.2
03-08-18,ETHUSD,410.71,420.27,395,417.8,86027.37,34983118.55,34897091.18
04-08-18,ETHUSD,417.8,419.16,401,407,36775.06,15068691.96,15031916.9
05-08-18,ETHUSD,407,413.33,400.5,408.83,30063.52,12207924.38,12177860.86
06-08-18,ETHUSD,408.83,413.17,401,404.99,35224.07,14303450.85,14268226.78
07-08-18,ETHUSD,404.99,410,369.1,378.08,74274.76,29017762.06,28943487.3
08-08-18,ETHUSD,378.08,380.77,347.18,355.7,181154.7,65617914.46,65436759.76
09-08-18,ETHUSD,355.7,371.09,351,363.99,91569.92,33146909.84,33055339.92
10-08-18,ETHUSD,363.99,366.46,326,330.99,99696.89,34476553.11,34376856.22
11-08-18,ETHUSD,330.99,332,310.32,312.65,62531.65,19964155.61,19901623.96
13-08-18,ETHUSD,318.15,322.27,281.41,284.11,213719.18,63518596.52,63304877.34
14-08-18,ETHUSD,284.11,285,250.28,278.37,349128.4,92206705.77,91857577.37
15-08-18,ETHUSD,278.37,305.4,275.93,281.21,259286.11,74972492.46,74713206.35
16-08-18,ETHUSD,281.21,298.89,277.84,286.67,117692.3,33921385.41,33803693.11
17-08-18,ETHUSD,286.67,319,285.42,317.54,164089.67,49488392.79,49324303.12
18-08-18,ETHUSD,317.54,322.16,283.1,296.61,101805.05,30594763.49,30492958.44
19-08-18,ETHUSD,296.61,307.65,289.33,300.03,62584.69,18638319.07,18575734.38
20-08-18,ETHUSD,300.03,304,268.02,270.76,112574.45,31911077.26,31798502.81
21-08-18,ETHUSD,270.76,286.42,269.13,281.49,70794.12,19629932.34,19559138.22
22-08-18,ETHUSD,281.49,298.99,259.11,270.47,156249.02,43487128.1,43330879.08
23-08-18,ETHUSD,270.47,280.39,268.6,275.87,94301.8,25851264.41,25756962.61
24-08-18,ETHUSD,275.87,283.38,270.27,281.35,73790.02,20358888.35,20285098.33
25-08-18,ETHUSD,281.35,282.95,276.99,277.97,31675.45,8861404.76,8829729.31
26-08-18,ETHUSD,277.97,277.97,270,274.25,38510.9,10541022.16,10502511.26
27-08-18,ETHUSD,274.25,288.64,271.32,287.99,65231.95,18140309.9,18075077.95
28-08-18,ETHUSD,287.99,297.64,282.85,295.39,81322.64,23562543.29,23481220.65
29-08-18,ETHUSD,295.39,297.32,284.11,289,57773.47,16790551.08,16732777.61
30-08-18,ETHUSD,289,290.99,272.13,284.52,79430.8,22280046.32,22200615.52
31-08-18,ETHUSD,284.52,284.7,276.66,281.94,49979.72,14024974.73,13974995.01
01-09-18,ETHUSD,281.94,302.2,281.94,294.64,58992.41,17275372.99,17216380.58
02-09-18,ETHUSD,294.64,298.72,288.48,295.06,44050.38,12950767.74,12906717.36
03-09-18,ETHUSD,295.06,296.38,285.76,288.6,55677.23,16127692.96,16072015.73
04-09-18,ETHUSD,288.6,292.11,282.1,285.43,73006.3,20968444.97,20895438.67
05-09-18,ETHUSD,285.43,287.95,225.54,227.56,220426.19,55630162.73,55409736.54
06-09-18,ETHUSD,227.56,233.6,211,229.66,277401.36,62178646.67,61901245.31
07-09-18,ETHUSD,229.66,234.23,214,215.21,129119.05,28572511.21,28443392.16
08-09-18,ETHUSD,215.21,220,190.01,197,178662.21,36271876.11,36093213.9
09-09-18,ETHUSD,197,208.5,185.39,195.91,151853.72,29824528.14,29672674.42
10-09-18,ETHUSD,195.91,202.7,186.59,196.94,133129.95,25934930.5,25801800.55
11-09-18,ETHUSD,196.94,199.25,175.5,185.15,174425.99,32523972.66,32349546.67
12-09-18,ETHUSD,185.15,185.15,167,182.79,245925.52,43013099.84,42767174.32
13-09-18,ETHUSD,182.79,215,182.79,211.39,284936.72,57216219.27,56931282.55
14-09-18,ETHUSD,211.39,224.3,202.51,210,217479.88,46513084.25,46295604.37
15-09-18,ETHUSD,210,227.5,208.26,221.69,110587.06,24347281.2,24236694.14
16-09-18,ETHUSD,221.69,223.43,208.01,220.19,95433.56,20709679.89,20614246.33
17-09-18,ETHUSD,220.19,224.9,192.2,195.97,217257.83,45017560.43,44800302.6
18-09-18,ETHUSD,195.97,214.87,194.05,208.5,144897.83,29794914.11,29650016.28
19-09-18,ETHUSD,208.5,214.68,197.34,209.81,166183.03,34497371.17,34331188.14
20-09-18,ETHUSD,209.81,227.34,206.64,224.41,168663.66,36045367.62,35876703.96
21-09-18,ETHUSD,224.41,252,221,247.76,263380.54,61787654.84,61524274.3
22-09-18,ETHUSD,247.76,255,232.67,240.71,122038.69,29505230.63,29383191.94
23-09-18,ETHUSD,240.71,249.79,237.1,244.35,74603.46,18108035.62,18033432.16
24-09-18,ETHUSD,244.35,245.79,225.15,228.01,120526.74,28261368.63,28140841.89
25-09-18,ETHUSD,228.01,228.01,203.38,219.19,228790.18,49001690.05,48772899.87
26-09-18,ETHUSD,219.19,222.43,207.23,214.15,151742.77,32694715.93,32542973.16
27-09-18,ETHUSD,214.15,233.5,210.01,229,169305.4,37557427.41,37388122.01
28-09-18,ETHUSD,229,234.59,215,220.67,133434.58,29959187.58,29825753
29-09-18,ETHUSD,220.67,235.35,214,231.01,106164.65,24114839.72,24008675.07
30-09-18,ETHUSD,231.01,238.69,225.5,232.27,87843.6,20412907.33,20325063.73
01-10-18,ETHUSD,232.27,234.92,223.45,230.4,83254.76,19074939.5,18991684.74
02-10-18,ETHUSD,230.4,231.08,221.45,224.85,70674.6,16009401,15938726.4
03-10-18,ETHUSD,224.85,224.9,214,219.01,89974.04,19659129.8,19569155.76
04-10-18,ETHUSD,219.01,225.66,218.31,221,72065.01,16043937.75,15971872.74
05-10-18,ETHUSD,221,230.34,218,226.89,69759.84,15578902.84,15509143
06-10-18,ETHUSD,226.89,227.06,222.32,223.85,32081.53,7206007.32,7173925.79
07-10-18,ETHUSD,223.85,225.95,220.24,224.82,30116.57,6716882.95,6686766.38
08-10-18,ETHUSD,224.82,231.1,222.25,227.68,51359.77,11655474,11604114.23
09-10-18,ETHUSD,227.68,228.45,225.06,226.15,41137.31,9319288.92,9278151.61
10-10-18,ETHUSD,226.15,226.25,221.52,223.61,55185.13,12330085.76,12274900.63
11-10-18,ETHUSD,223.61,223.61,185.06,188.32,300055.24,59884204.13,59584148.89
12-10-18,ETHUSD,188.32,198.5,187.15,194.1,93135.58,18033661.09,17940525.51
13-10-18,ETHUSD,194.1,198.37,193.45,196.72,39111.98,7699059.96,7659947.98
14-10-18,ETHUSD,196.72,199.41,189.13,191.87,48584.96,9515504.79,9466919.83
15-10-18,ETHUSD,191.87,220.64,189.96,204.12,210165.25,43050615.11,42840449.86
17-10-18,ETHUSD,205.43,206.35,201.2,203.21,63596.33,12972359.61,12908763.28
18-10-18,ETHUSD,203.21,205.56,195.15,199.09,97771.01,19629571.19,19531800.18
19-10-18,ETHUSD,199.09,201.47,197.8,200,49001.63,9796660.3,9747658.67
20-10-18,ETHUSD,200,204.66,199.31,202.69,70174.16,14204119.04,14133944.88
21-10-18,ETHUSD,202.69,205.66,201.19,202.12,33784.89,6877904.11,6844119.22
22-10-18,ETHUSD,202.12,203,198.89,201.25,42689.75,8583551.34,8540861.59
23-10-18,ETHUSD,201.25,201.96,197.96,201.12,41123.28,8228666.67,8187543.39
24-10-18,ETHUSD,201.12,202.47,200.38,200.68,39488.86,7951870.28,7912381.42
25-10-18,ETHUSD,200.68,200.72,195.83,199.65,64306.72,12793549.39,12729242.67
26-10-18,ETHUSD,199.65,204.35,198.64,200.7,47096.94,9457395.21,9410298.27
27-10-18,ETHUSD,200.7,201.7,200.42,201.46,21069.78,4236378.08,4215308.3
28-10-18,ETHUSD,201.46,202.85,201,202.43,21227.3,4282056.28,4260828.98
29-10-18,ETHUSD,202.43,202.65,191,194.29,74935.35,14688606.78,14613671.43
30-10-18,ETHUSD,194.29,196.41,192.6,195.35,57486.16,11160217.57,11102731.41
31-10-18,ETHUSD,195.35,200,191.4,196.95,52805.54,10330143.7,10277338.16
01-11-18,ETHUSD,196.95,198.63,196.2,197.96,34762.19,6845616.28,6810854.09
02-11-18,ETHUSD,197.96,201.75,197.8,199.75,44834.4,8942416.64,8897582.24
03-11-18,ETHUSD,199.75,200,197.62,198.35,26789.83,5326123.01,5299333.18
04-11-18,ETHUSD,198.35,217.77,198.1,210.06,94233.47,19485097.05,19390863.58
05-11-18,ETHUSD,210.06,211.2,205.53,208.53,54121.86,11254009.65,11199887.79
06-11-18,ETHUSD,208.53,219.08,207.13,218.51,106033.07,22656135.62,22550102.55
07-11-18,ETHUSD,218.51,222.78,215.56,216.84,68747.43,15038961.74,14970214.31
08-11-18,ETHUSD,216.84,218.27,209.89,210.34,56366.05,12017642.12,11961276.07
09-11-18,ETHUSD,210.34,212.2,206.2,208.01,37149.74,7773992.77,7736843.03
10-11-18,ETHUSD,208.01,212.52,207.69,210.29,27620.35,5820169.09,5792548.74
11-11-18,ETHUSD,210.29,211.17,206.15,209.88,21388.44,4467174,4445785.56
12-11-18,ETHUSD,209.88,211.22,207,208.77,40642.44,8512400.46,8471758.02
13-11-18,ETHUSD,208.77,208.77,202.76,203.2,60479.88,12435529.16,12375049.28
14-11-18,ETHUSD,203.2,204.9,165.2,177.79,317936.66,57463246.06,57145309.4
15-11-18,ETHUSD,177.79,181,165.33,178.89,227631.77,39661857.78,39434226.01
16-11-18,ETHUSD,178.89,179.76,169.22,172.4,114804.43,20123632.7,20008828.27
17-11-18,ETHUSD,172.4,174.41,170.34,172.48,53893.26,9278889.81,9224996.55
18-11-18,ETHUSD,172.48,180.2,172.15,175.87,61977.75,10840739.26,10778761.51
19-11-18,ETHUSD,175.87,175.92,142,145.21,388441.04,60045181.12,59656740.08
20-11-18,ETHUSD,145.21,149.5,121.5,127.55,723824.51,96545174.58,95821350.07
21-11-18,ETHUSD,127.55,137.5,122.65,134.73,336247.27,44231315.11,43895067.84
22-11-18,ETHUSD,134.73,136.71,122.54,123.2,142401.29,18503842.12,18361440.83
23-11-18,ETHUSD,123.2,125.15,116.24,121.44,262958.13,31759820.18,31496862.05
24-11-18,ETHUSD,121.44,125.89,106.25,110.08,198511.79,22885133.6,22686621.81
25-11-18,ETHUSD,110.08,115,98.2,105.85,305681.18,32282419.94,31976738.76
